model,target,fold,held_out_pid,mae,r2
baseline_naive_mean,sis_delta,1,1,1.2647,-1.0663
baseline_naive_mean,ohs_delta,1,1,2.2941,-3.5087
baseline_naive_mean,oks_delta,1,1,5.0,-0.1854
tuned_ridge,sis_delta,1,1,1.7433,-1.7721
tuned_ridge,ohs_delta,1,1,3.6842,-11.5778
tuned_ridge,oks_delta,1,1,6.628,-0.9083
tuned_elasticnet,sis_delta,1,1,1.2701,-1.0895
tuned_elasticnet,ohs_delta,1,1,2.3901,-3.8093
tuned_elasticnet,oks_delta,1,1,5.0021,-0.175
rf,sis_delta,1,1,1.5334,-1.9244
rf,ohs_delta,1,1,1.6387,-1.3918
rf,oks_delta,1,1,5.3575,-0.3645
lgbm,sis_delta,1,1,2.1443,-4.0625
lgbm,ohs_delta,1,1,1.6785,-1.5079
lgbm,oks_delta,1,1,5.6734,-0.4425
baseline_naive_mean,sis_delta,2,2,2.5,-0.8829
baseline_naive_mean,ohs_delta,2,2,2.5588,-1.7756
baseline_naive_mean,oks_delta,2,2,4.9706,-3.4375
tuned_ridge,sis_delta,2,2,3.4157,-2.0928
tuned_ridge,ohs_delta,2,2,3.8428,-7.7426
tuned_ridge,oks_delta,2,2,10.1636,-15.8494
tuned_elasticnet,sis_delta,2,2,2.5528,-0.8945
tuned_elasticnet,ohs_delta,2,2,2.5028,-1.794
tuned_elasticnet,oks_delta,2,2,4.9721,-3.507
rf,sis_delta,2,2,2.6691,-0.9938
rf,ohs_delta,2,2,4.7505,-7.0565
rf,oks_delta,2,2,4.7676,-2.9639
lgbm,sis_delta,2,2,2.953,-1.1557
lgbm,ohs_delta,2,2,3.9264,-4.2845
lgbm,oks_delta,2,2,4.5064,-2.4605
baseline_naive_mean,sis_delta,3,3,1.5294,-3.4023
baseline_naive_mean,ohs_delta,3,3,1.2353,0.0
baseline_naive_mean,oks_delta,3,3,0.4706,0.0
tuned_ridge,sis_delta,3,3,1.9821,-7.1689
tuned_ridge,ohs_delta,3,3,2.5158,0.0
tuned_ridge,oks_delta,3,3,3.1199,0.0
tuned_elasticnet,sis_delta,3,3,1.4816,-3.284
tuned_elasticnet,ohs_delta,3,3,1.3207,0.0
tuned_elasticnet,oks_delta,3,3,0.5647,0.0
rf,sis_delta,3,3,1.4789,-3.5781
rf,ohs_delta,3,3,4.9858,0.0
rf,oks_delta,3,3,0.9466,0.0
lgbm,sis_delta,3,3,1.3099,-2.5087
lgbm,ohs_delta,3,3,3.3438,0.0
lgbm,oks_delta,3,3,1.517,0.0
baseline_naive_mean,sis_delta,4,4,0.4706,-1.1811
baseline_naive_mean,ohs_delta,4,4,1.6176,-1.0173
baseline_naive_mean,oks_delta,4,4,2.0,-0.1723
tuned_ridge,sis_delta,4,4,3.8652,-97.7805
tuned_ridge,ohs_delta,4,4,6.4502,-30.6726
tuned_ridge,oks_delta,4,4,2.9516,-1.0574
tuned_elasticnet,sis_delta,4,4,0.3127,-0.5209
tuned_elasticnet,ohs_delta,4,4,1.6648,-1.1634
tuned_elasticnet,oks_delta,4,4,2.0018,-0.1456
rf,sis_delta,4,4,0.5851,-2.0658
rf,ohs_delta,4,4,1.9322,-2.3525
rf,oks_delta,4,4,3.2474,-1.0039
lgbm,sis_delta,4,4,1.1778,-10.11
lgbm,ohs_delta,4,4,2.2104,-3.5364
lgbm,oks_delta,4,4,2.9718,-0.7477
baseline_naive_mean,sis_delta,5,5,0.5,-0.4187
baseline_naive_mean,ohs_delta,5,5,5.7353,-1.7143
baseline_naive_mean,oks_delta,5,5,1.5074,-0.4338
tuned_ridge,sis_delta,5,5,2.7805,-52.2093
tuned_ridge,ohs_delta,5,5,8.6797,-5.328
tuned_ridge,oks_delta,5,5,3.3389,-7.0474
tuned_elasticnet,sis_delta,5,5,0.533,-0.6211
tuned_elasticnet,ohs_delta,5,5,5.6925,-1.6933
tuned_elasticnet,oks_delta,5,5,1.6822,-0.5741
rf,sis_delta,5,5,0.8772,-3.1885
rf,ohs_delta,5,5,4.5131,-0.9802
rf,oks_delta,5,5,1.7471,-0.8246
lgbm,sis_delta,5,5,0.9766,-4.4922
lgbm,ohs_delta,5,5,5.8596,-1.7801
lgbm,oks_delta,5,5,2.8482,-2.7972
baseline_naive_mean,sis_delta,6,6,1.5294,-1.3861
baseline_naive_mean,ohs_delta,6,6,7.6176,-2.1367
baseline_naive_mean,oks_delta,6,6,8.0,-2.8444
tuned_ridge,sis_delta,6,6,3.8192,-9.7023
tuned_ridge,ohs_delta,6,6,6.9056,-1.3848
tuned_ridge,oks_delta,6,6,8.4785,-2.9705
tuned_elasticnet,sis_delta,6,6,1.4333,-1.2346
tuned_elasticnet,ohs_delta,6,6,7.5889,-2.1033
tuned_elasticnet,oks_delta,6,6,7.9733,-2.8058
rf,sis_delta,6,6,1.9256,-2.7294
rf,ohs_delta,6,6,7.6755,-2.1277
rf,oks_delta,6,6,7.3885,-2.1675
lgbm,sis_delta,6,6,2.2651,-3.3819
lgbm,ohs_delta,6,6,7.3765,-1.8143
lgbm,oks_delta,6,6,7.3357,-2.0809
baseline_naive_mean,sis_delta,7,7,3.1176,-1.2644
baseline_naive_mean,ohs_delta,7,7,2.25,-0.0671
baseline_naive_mean,oks_delta,7,7,1.0,-1.3333
tuned_ridge,sis_delta,7,7,2.5685,-0.1895
tuned_ridge,ohs_delta,7,7,5.4864,-8.3899
tuned_ridge,oks_delta,7,7,3.4403,-32.4766
tuned_elasticnet,sis_delta,7,7,2.978,-1.1503
tuned_elasticnet,ohs_delta,7,7,2.2442,-0.0489
tuned_elasticnet,oks_delta,7,7,1.0972,-1.6157
rf,sis_delta,7,7,2.7579,-0.7508
rf,ohs_delta,7,7,4.7052,-4.1878
rf,oks_delta,7,7,0.8765,-0.602
lgbm,sis_delta,7,7,2.9386,-0.9094
lgbm,ohs_delta,7,7,4.6709,-4.1092
lgbm,oks_delta,7,7,0.951,-0.9684
baseline_naive_mean,sis_delta,8,8,2.3235,-0.6352
baseline_naive_mean,ohs_delta,8,8,2.5,-0.0042
baseline_naive_mean,oks_delta,8,8,2.8529,-1.569
tuned_ridge,sis_delta,8,8,2.0388,-0.1746
tuned_ridge,ohs_delta,8,8,3.0305,-0.8898
tuned_ridge,oks_delta,8,8,3.3998,-2.3115
tuned_elasticnet,sis_delta,8,8,2.2911,-0.6175
tuned_elasticnet,ohs_delta,8,8,2.5,-0.0097
tuned_elasticnet,oks_delta,8,8,2.9672,-1.6972
rf,sis_delta,8,8,2.4477,-0.7861
rf,ohs_delta,8,8,2.4826,0.0144
rf,oks_delta,8,8,2.38,-1.0852
lgbm,sis_delta,8,8,3.4821,-1.4999
lgbm,ohs_delta,8,8,2.3991,0.0035
lgbm,oks_delta,8,8,2.5263,-1.2329
baseline_naive_mean,sis_delta,9,9,3.6471,-2.8376
baseline_naive_mean,ohs_delta,9,9,1.5,-0.1812
baseline_naive_mean,oks_delta,9,9,1.0,-0.1476
tuned_ridge,sis_delta,9,9,5.4429,-6.5319
tuned_ridge,ohs_delta,9,9,1.3597,-0.1471
tuned_ridge,oks_delta,9,9,3.8077,-12.76
tuned_elasticnet,sis_delta,9,9,3.6154,-2.7885
tuned_elasticnet,ohs_delta,9,9,1.5,-0.2337
tuned_elasticnet,oks_delta,9,9,1.0001,-0.2178
rf,sis_delta,9,9,4.6692,-4.8711
rf,ohs_delta,9,9,3.1515,-4.893
rf,oks_delta,9,9,1.4267,-1.3481
lgbm,sis_delta,9,9,5.2308,-6.5793
lgbm,ohs_delta,9,9,2.4186,-2.1518
lgbm,oks_delta,9,9,1.3568,-0.7066
baseline_naive_mean,sis_delta,10,10,1.0,-0.0837
baseline_naive_mean,ohs_delta,10,10,4.1324,-0.1065
baseline_naive_mean,oks_delta,10,10,2.7941,-0.5359
tuned_ridge,sis_delta,10,10,2.0415,-3.299
tuned_ridge,ohs_delta,10,10,5.5872,-0.8972
tuned_ridge,oks_delta,10,10,7.776,-5.0918
tuned_elasticnet,sis_delta,10,10,1.0124,-0.1163
tuned_elasticnet,ohs_delta,10,10,4.1592,-0.1169
tuned_elasticnet,oks_delta,10,10,2.8361,-0.5812
rf,sis_delta,10,10,1.6015,-1.9542
rf,ohs_delta,10,10,4.6774,-0.3279
rf,oks_delta,10,10,2.5625,0.16
lgbm,sis_delta,10,10,1.6721,-2.6166
lgbm,ohs_delta,10,10,4.2858,-0.1554
lgbm,oks_delta,10,10,2.0474,0.4762
baseline_naive_mean,sis_delta,11,11,4.0294,-2.952
baseline_naive_mean,ohs_delta,11,11,1.5588,-0.1416
baseline_naive_mean,oks_delta,11,11,3.25,-0.5288
tuned_ridge,sis_delta,11,11,4.9158,-9.0901
tuned_ridge,ohs_delta,11,11,6.9952,-31.2066
tuned_ridge,oks_delta,11,11,5.3659,-9.9081
tuned_elasticnet,sis_delta,11,11,4.2097,-3.2224
tuned_elasticnet,ohs_delta,11,11,1.559,-0.1478
tuned_elasticnet,oks_delta,11,11,3.3347,-0.5182
rf,sis_delta,11,11,3.7693,-2.297
rf,ohs_delta,11,11,2.6671,-1.6413
rf,oks_delta,11,11,3.3403,-0.5717
lgbm,sis_delta,11,11,3.9738,-2.6492
lgbm,ohs_delta,11,11,2.0183,-0.5122
lgbm,oks_delta,11,11,2.7746,0.118
baseline_naive_mean,sis_delta,12,12,0.4706,-1.1811
baseline_naive_mean,ohs_delta,12,12,6.25,-0.5391
baseline_naive_mean,oks_delta,12,12,6.0294,-1.2672
tuned_ridge,sis_delta,12,12,2.1731,-34.0627
tuned_ridge,ohs_delta,12,12,5.818,-0.1689
tuned_ridge,oks_delta,12,12,7.9629,-2.2374
tuned_elasticnet,sis_delta,12,12,0.3506,-0.7205
tuned_elasticnet,ohs_delta,12,12,6.2584,-0.5413
tuned_elasticnet,oks_delta,12,12,6.064,-1.2913
rf,sis_delta,12,12,1.725,-16.6038
rf,ohs_delta,12,12,6.029,-0.1108
rf,oks_delta,12,12,5.132,-0.7643
lgbm,sis_delta,12,12,1.8467,-19.2498
lgbm,ohs_delta,12,12,6.0592,-0.1629
lgbm,oks_delta,12,12,4.9298,-0.5594
baseline_naive_mean,sis_delta,13,13,3.7647,-3.0236
baseline_naive_mean,ohs_delta,13,13,2.1176,-0.3391
baseline_naive_mean,oks_delta,13,13,5.4265,-1.8789
tuned_ridge,sis_delta,13,13,2.2476,-0.6732
tuned_ridge,ohs_delta,13,13,4.0694,-4.7812
tuned_ridge,oks_delta,13,13,4.5398,-0.649
tuned_elasticnet,sis_delta,13,13,4.049,-3.488
tuned_elasticnet,ohs_delta,13,13,2.1673,-0.3959
tuned_elasticnet,oks_delta,13,13,5.3915,-1.8302
rf,sis_delta,13,13,3.8571,-2.8458
rf,ohs_delta,13,13,5.8358,-9.1505
rf,oks_delta,13,13,5.2682,-1.5694
lgbm,sis_delta,13,13,3.8833,-3.0859
lgbm,ohs_delta,13,13,5.2992,-8.7982
lgbm,oks_delta,13,13,5.6832,-1.7767
baseline_naive_mean,sis_delta,14,14,1.0,-0.7275
baseline_naive_mean,ohs_delta,14,14,3.3456,-0.0142
baseline_naive_mean,oks_delta,14,14,2.3235,-2.468
tuned_ridge,sis_delta,14,14,14.3362,-395.0688
tuned_ridge,ohs_delta,14,14,9.5582,-13.2248
tuned_ridge,oks_delta,14,14,36.6866,-1195.2512
tuned_elasticnet,sis_delta,14,14,0.9724,-0.5824
tuned_elasticnet,ohs_delta,14,14,2.785,0.0653
tuned_elasticnet,oks_delta,14,14,2.3257,-2.4715
rf,sis_delta,14,14,2.1565,-4.2813
rf,ohs_delta,14,14,2.5886,0.2867
rf,oks_delta,14,14,2.4045,-2.9103
lgbm,sis_delta,14,14,1.9704,-3.5612
lgbm,ohs_delta,14,14,2.1833,0.475
lgbm,oks_delta,14,14,1.8816,-2.2643
baseline_naive_mean,sis_delta,15,15,1.8309,-0.0517
baseline_naive_mean,ohs_delta,15,15,1.6985,-0.6015
baseline_naive_mean,oks_delta,15,15,1.5662,-0.8736
tuned_ridge,sis_delta,15,15,2.7235,-0.796
tuned_ridge,ohs_delta,15,15,2.7291,-4.2463
tuned_ridge,oks_delta,15,15,2.8002,-4.6979
tuned_elasticnet,sis_delta,15,15,1.7942,-0.105
tuned_elasticnet,ohs_delta,15,15,1.6566,-0.5166
tuned_elasticnet,oks_delta,15,15,1.5209,-0.7631
rf,sis_delta,15,15,2.6327,-0.2976
rf,ohs_delta,15,15,2.0589,-1.5517
rf,oks_delta,15,15,2.5806,-4.5072
lgbm,sis_delta,15,15,2.5945,-0.2566
lgbm,ohs_delta,15,15,2.2553,-2.2294
lgbm,oks_delta,15,15,2.5798,-3.7638
baseline_naive_mean,sis_delta,16,16,1.375,-0.2712
baseline_naive_mean,ohs_delta,16,16,2.7279,-0.8555
baseline_naive_mean,oks_delta,16,16,5.2353,-2.674
tuned_ridge,sis_delta,16,16,4.7214,-9.54
tuned_ridge,ohs_delta,16,16,5.4108,-7.5782
tuned_ridge,oks_delta,16,16,4.8333,-2.1901
tuned_elasticnet,sis_delta,16,16,1.3379,-0.274
tuned_elasticnet,ohs_delta,16,16,2.6907,-0.7986
tuned_elasticnet,oks_delta,16,16,5.3581,-2.8013
rf,sis_delta,16,16,2.2177,-1.4454
rf,ohs_delta,16,16,2.4492,-0.1728
rf,oks_delta,16,16,4.6157,-2.1111
lgbm,sis_delta,16,16,2.9107,-2.3059
lgbm,ohs_delta,16,16,2.4654,-0.3497
lgbm,oks_delta,16,16,4.026,-0.9594
baseline_naive_mean,sis_delta,17,17,1.5,-0.6949
baseline_naive_mean,ohs_delta,17,17,1.5,-0.0453
baseline_naive_mean,oks_delta,17,17,4.5,-0.563
tuned_ridge,sis_delta,17,17,3.1653,-4.8176
tuned_ridge,ohs_delta,17,17,5.0892,-13.2947
tuned_ridge,oks_delta,17,17,10.2412,-5.5405
tuned_elasticnet,sis_delta,17,17,1.512,-0.7472
tuned_elasticnet,ohs_delta,17,17,1.4762,-0.015
tuned_elasticnet,oks_delta,17,17,4.4995,-0.5437
rf,sis_delta,17,17,1.7378,-1.0103
rf,ohs_delta,17,17,5.8839,-17.5232
rf,oks_delta,17,17,7.6722,-2.3738
lgbm,sis_delta,17,17,1.9303,-1.034
lgbm,ohs_delta,17,17,6.4301,-16.2007
lgbm,oks_delta,17,17,7.8057,-2.9727
baseline_naive_mean,sis_delta,18,18,1.6985,-1.6076
baseline_naive_mean,ohs_delta,18,18,0.75,-0.0113
baseline_naive_mean,oks_delta,18,18,1.75,-0.4563
tuned_ridge,sis_delta,18,18,6.0651,-27.2397
tuned_ridge,ohs_delta,18,18,3.2994,-26.9961
tuned_ridge,oks_delta,18,18,3.4165,-3.9737
tuned_elasticnet,sis_delta,18,18,1.6976,-1.5846
tuned_elasticnet,ohs_delta,18,18,0.7902,-0.189
tuned_elasticnet,oks_delta,18,18,1.778,-0.4872
rf,sis_delta,18,18,2.4365,-3.4943
rf,ohs_delta,18,18,2.3664,-8.4619
rf,oks_delta,18,18,3.645,-3.2477
lgbm,sis_delta,18,18,3.0172,-5.7921
lgbm,ohs_delta,18,18,1.3813,-2.5659
lgbm,oks_delta,18,18,2.9737,-1.9665
